"Data Source","World Development Indicators",

"Last Updated Date","2024-06-28",

"Country Name","Country Code","Indicator Name","Indicator Code","1960","1961","1962","1963","1964","1965","1966","1967","1968","1969","1970","1971","1972","1973","1974","1975","1976","1977","1978","1979","1980","1981","1982","1983","1984","1985","1986","1987","1988","1989","1990","1991","1992","1993","1994","1995","1996","1997","1998","1999","2000","2001","2002","2003","2004","2005","2006","2007","2008","2009","2010","2011","2012","2013","2014","2015","2016","2017","2018","2019","2020","2021","2022","2023",
"Aruba","ABW","Number of surgical procedures (per 100,000 population)","SH.SGR.PROC.P5","","","","","","","","","","","","","","","","","","","","","","","","","","","","","","","","","","","","","","","","","","","","","","","","","","","","","","","","","","","","","","","","",
"Africa Eastern and Southern","AFE","Number of surgical procedures (per 100,000 population)","SH.SGR.PROC.P5","","","","","","","","","","","","","","","","","","","","","","","","","","","","","","","","","","","","","","","","","","","","","","","","","","","","","","","","","","","","","","","","",
"Afghanistan","AFG","Number of surgical procedures (per 100,000 population)","SH.SGR.PROC.P5","","","","","","","","","","","","","","","","","","","","","","","","","","","","","","","","","","","","","","","","","","","","","","","","","229","","","","","","","","","","","","","","","",
"Africa Western and Central","AFW","Number of surgical procedures (per 100,000 population)","SH.SGR.PROC.P5","","","","","","","","","","","","","","","","","","","","","","","","","","","","","","","","","","","","","","","","","","","","","","","","","","","","","","","","","","","","","","","","",
"Angola","AGO","Number of surgical procedures (per 100,000 population)","SH.SGR.PROC.P5","","","","","","","","","","","","","","","","","","","","","","","","","","","","","","","","","","","","","","","","","","","","","","","","","","","","","","","","","","","","","","","","",
"Albania","ALB","Number of surgical procedures (per 100,000 population)","SH.SGR.PROC.P5","","","","","","","","","","","","","","","","","","","","","","","","","","","","","","","","","","","","","","","","","","","","","","","","","","","","","","1900","","","","","","","","2000.9","","",
"Andorra","AND","Number of surgical procedures (per 100,000 population)","SH.SGR.PROC.P5","","","","","","","","","","","","","","","","","","","","","","","","","","","","","","","","","","","","","","","","","","","","","","","","","","","","","","","5238","","","","","","","","","",
"Arab World","ARB","Number of surgical procedures (per 100,000 population)","SH.SGR.PROC.P5","","","","","","","","","","","","","","","","","","","","","","","","","","","","","","","","","","","","","","","","","","","","","","","","","","","","","","","","","","","","","","","","",
"United Arab Emirates","ARE","Number of surgical procedures (per 100,000 population)","SH.SGR.PROC.P5","","","","","","","","","","","","","","","","","","","","","","","","","","","","","","","","","","","","","","","","","","","","","","","","","","","","","","","","","","","","","","","","",
"Argentina","ARG","Number of surgical procedures (per 100,000 population)","SH.SGR.PROC.P5","","","","","","","","","","","","","","","","","","","","","","","","","","","","","","","","","","","","","","","","","","","","","","","","","","","","","","","","","","","","","","","","",
"Armenia","ARM","Number of surgical procedures (per 100,000 population)","SH.SGR.PROC.P5","","","","","","","","","","","","","","","","","","","","","","","","","","","","","","","","","","","","","","","","","","","","","","","","","","","","","","","","4198","","","","","5080","","","",
"American Samoa","ASM","Number of surgical procedures (per 100,000 population)","SH.SGR.PROC.P5","","","","","","","","","","","","","","","","","","","","","","","","","","","","","","","","","","","","","","","","","","","","","","","","","","","","","","","","","","","","","","","","",
"Antigua and Barbuda","ATG","Number of surgical procedures (per 100,000 population)","SH.SGR.PROC.P5","","","","","","","","","","","","","","","","","","","","","","","","","","","","","","","","","","","","","","","","","","","","","","","","","","","","","","","","","","","","","","","","",
"Australia","AUS","Number of surgical procedures (per 100,000 population)","SH.SGR.PROC.P5","","","","","","","","","","","","","","","","","","","","","","","","","","","","","","","","","","","","","","","","","","","","","","","","","","","","","","","","28907","10156","","","","","","","",
"Austria","AUT","Number of surgical procedures (per 100,000 population)","SH.SGR.PROC.P5","","","","","","","","","","","","","","","","","","","","","","","","","","","","","","","","","","","","","","","","","","","","","","","","","","","","","","","13795","","","","","","","","","",
"Azerbaijan","AZE","Number of surgical procedures (per 100,000 population)","SH.SGR.PROC.P5","","","","","","","","","","","","","","","","","","","","","","","","","","","","","","","","","","","","","","","","","","","","","","","","","","","","","","","","1842","","2834","","","","","","",
"Burundi","BDI","Number of surgical procedures (per 100,000 population)","SH.SGR.PROC.P5","","","","","","","","","","","","","","","","","","","","","","","","","","","","","","","","","","","","","","","","","","","","","","","","","","","","","","","","","","","","","","","","",
"Belgium","BEL","Number of surgical procedures (per 100,000 population)","SH.SGR.PROC.P5","","","","","","","","","","","","","","","","","","","","","","","","","","","","","","","","","","","","","","","","","","","","","","","","","","","","","","20712","","","","","","","","","","",
"Benin","BEN","Number of surgical procedures (per 100,000 population)","SH.SGR.PROC.P5","","","","","","","","","","","","","","","","","","","","","","","","","","","","","","","","","","","","","","","","","","","","","","","","","","","","","","","","","","","","","","","","",
"Burkina Faso","BFA","Number of surgical procedures (per 100,000 population)","SH.SGR.PROC.P5","","","","","","","","","","","","","","","","","","","","","","","","","","","","","","","","","","","","","","","","","","","","","","","","","","","","","328","","","","","","","","","","","",
"Bangladesh","BGD","Number of surgical procedures (per 100,000 population)","SH.SGR.PROC.P5","","","","","","","","","","","","","","","","","","","","","","","","","","","","","","","","","","","","","","","","","","","","","","","","","","","","162","","","","","","","","","","","","",
"Bulgaria","BGR","Number of surgical procedures (per 100,000 population)","SH.SGR.PROC.P5","","","","","","","","","","","","","","","","","","","","","","","","","","","","","","","","","","","","","","","","","","","","","","5145","","","","","6757","","","","","","","","","","","","","",
"Bahrain","BHR","Number of surgical procedures (per 100,000 population)","SH.SGR.PROC.P5","","","","","","","","","","","","","","","","","","","","","","","","","","","","","","","","","","","","","","","","","","","","","","","","","","","","","3999","","","","","","","","","","","",
"Bahamas, The","BHS","Number of surgical procedures (per 100,000 population)","SH.SGR.PROC.P5","","","","","","","","","","","","","","","","","","","","","","","","","","","","","","","","","","","","","","","","","","","","","","","","","","","","","","","","","","","","","","","","",
"Bosnia and Herzegovina","BIH","Number of surgical procedures (per 100,000 population)","SH.SGR.PROC.P5","","","","","","","","","","","","","","","","","","","","","","","","","","","","","","","","","","","","","","","","","","","","","","","","","","3596","","","","","","","","","","","","","","",
"Belarus","BLR","Number of surgical procedures (per 100,000 population)","SH.SGR.PROC.P5","","","","","","","","","","","","","","","","","","","","","","","","","","","","","","","","","","","","","","","","","","","","","","","","","","","","","","","8741","","","","","","6945","","","",
"Belize","BLZ","Number of surgical procedures (per 100,000 population)","SH.SGR.PROC.P5","","","","","","","","","","","","","","","","","","","","","","","","","","","","","","","","","","","","","","","","","","","","","","","","","","","","","","","1964","","","","","","","","","",
"Bermuda","BMU","Number of surgical procedures (per 100,000 population)","SH.SGR.PROC.P5","","","","","","","","","","","","","","","","","","","","","","","","","","","","","","","","","","","","","","","","","","","","","","","","","","","","","","","","","","","","","","","","",
"Bolivia","BOL","Number of surgical procedures (per 100,000 population)","SH.SGR.PROC.P5","","","","","","","","","","","","","","","","","","","","","","","","","","","","","","","","","","","","","","","","","","","","","","","","","","","2305","","","","","","","","","","","","","",
"Brazil","BRA","Number of surgical procedures (per 100,000 population)","SH.SGR.PROC.P5","","","","","","","","","","","","","","","","","","","","","","","","","","","","","","","","","","","","","","","","","","","","","","","","","","","","","","","","13674","","","","","","","","",
"Barbados","BRB","Number of surgical procedures (per 100,000 population)","SH.SGR.PROC.P5","","","","","","","","","","","","","","","","","","","","","","","","","","","","","","","","","","","","","","","","","","","","","","","","","","","","","","","","","","","966.3","","","","","",
"Brunei Darussalam","BRN","Number of surgical procedures (per 100,000 population)","SH.SGR.PROC.P5","","","","","","","","","","","","","","","","","","","","","","","","","","","","","","","","","","","","","","","","","","","","","","","","","","","","","","","","","","","","","","","","",
"Bhutan","BTN","Number of surgical procedures (per 100,000 population)","SH.SGR.PROC.P5","","","","","","","","","","","","","","","","","","","","","","","","","","","","","","","","","","","","","","","","","","","","","","","","","","","","","","","","2639","","","","","","","2909","",
"Botswana","BWA","Number of surgical procedures (per 100,000 population)","SH.SGR.PROC.P5","","","","","","","","","","","","","","","","","","","","","","","","","","","","","","","","","","","","","","","","","","","","","","","","","","","","","","","","","","","","","","","","",
"Central African Republic","CAF","Number of surgical procedures (per 100,000 population)","SH.SGR.PROC.P5","","","","","","","","","","","","","","","","","","","","","","","","","","","","","","","","","","","","","","","","","","","","","","","","","","","","","","","","","","","","","","","","",
"Canada","CAN","Number of surgical procedures (per 100,000 population)","SH.SGR.PROC.P5","","","","","","","","","","","","","","","","","","","","","","","","","","","","","","","","","","","","","","","","","","","","","","","","","","","","","","","","","","","","","","6928","","",
"Central Europe and the Baltics","CEB","Number of surgical procedures (per 100,000 population)","SH.SGR.PROC.P5","","","","","","","","","","","","","","","","","","","","","","","","","","","","","","","","","","","","","","","","","","","","","","","","","","","","","","","","","5616.00998501194","","","","","","","",
"Switzerland","CHE","Number of surgical procedures (per 100,000 population)","SH.SGR.PROC.P5","","","","","","","","","","","","","","","","","","","","","","","","","","","","","","","","","","","","","","","","","","","","","","","","","","","","","25923","","","","","","","","","","","",
"Channel Islands","CHI","Number of surgical procedures (per 100,000 population)","SH.SGR.PROC.P5","","","","","","","","","","","","","","","","","","","","","","","","","","","","","","","","","","","","","","","","","","","","","","","","","","","","","","","","","","","","","","","","",
"Chile","CHL","Number of surgical procedures (per 100,000 population)","SH.SGR.PROC.P5","","","","","","","","","","","","","","","","","","","","","","","","","","","","","","","","","","","","","","","","","","","","","","","","","","","","","","","","","","","","","","","","",
"China","CHN","Number of surgical procedures (per 100,000 population)","SH.SGR.PROC.P5","","","","","","","","","","","","","","","","","","","","","","","","","","","","","","","","","","","","","","","","","","","","","","","","","","","","","2732","","","","","","","","","","","",
"Cote d'Ivoire","CIV","Number of surgical procedures (per 100,000 population)","SH.SGR.PROC.P5","","","","","","","","","","","","","","","","","","","","","","","","","","","","","","","","","","","","","","","","","","","","","","","","","","","","","","","","","","","","","","","","",
"Cameroon","CMR","Number of surgical procedures (per 100,000 population)","SH.SGR.PROC.P5","","","","","","","","","","","","","","","","","","","","","","","","","","","","","","","","","","","","","","","","","","","","","","","","","","","","","","","","","","","","","","","","",
"Congo, Dem. Rep.","COD","Number of surgical procedures (per 100,000 population)","SH.SGR.PROC.P5","","","","","","","","","","","","","","","","","","","","","","","","","","","","","","","","","","","","","","","","","","","","","","","","","","","","","","","","","","","","","","","","",
"Congo, Rep.","COG","Number of surgical procedures (per 100,000 population)","SH.SGR.PROC.P5","","","","","","","","","","","","","","","","","","","","","","","","","","","","","","","","","","","","","","","","","","","","","","","","","","","","","","","","","","","49","","","","","",
"Colombia","COL","Number of surgical procedures (per 100,000 population)","SH.SGR.PROC.P5","","","","","","","","","","","","","","","","","","","","","","","","","","","","","","","","","","","","","","","","","","","","","","","","","","","","","","","","27385","","","","","","","","",
"Comoros","COM","Number of surgical procedures (per 100,000 population)","SH.SGR.PROC.P5","","","","","","","","","","","","","","","","","","","","","","","","","","","","","","","","","","","","","","","","","","","","","","","","","","","","","","","","","","","","","","","","",
"Cabo Verde","CPV","Number of surgical procedures (per 100,000 population)","SH.SGR.PROC.P5","","","","","","","","","","","","","","","","","","","","","","","","","","","","","","","","","","","","","","","","","","","","","","","","","","","","","","","","","","","","","","","","",
"Costa Rica","CRI","Number of surgical procedures (per 100,000 population)","SH.SGR.PROC.P5","","","","","","","","","","","","","","","","","","","","","","","","","","","","","","","","","","","","","","","","","","","","","","","","","","","","","","","3746","","","","","","","","","",
"Caribbean small states","CSS","Number of surgical procedures (per 100,000 population)","SH.SGR.PROC.P5","","","","","","","","","","","","","","","","","","","","","","","","","","","","","","","","","","","","","","","","","","","","","","","","","","","","","","","","","","","","","","","","",
"Cuba","CUB","Number of surgical procedures (per 100,000 population)","SH.SGR.PROC.P5","","","","","","","","","","","","","","","","","","","","","","","","","","","","","","","","","","","","","","","","","","","","","","","","","","","","","4740","","","","","","","","","","","",
"Curacao","CUW","Number of surgical procedures (per 100,000 population)","SH.SGR.PROC.P5","","","","","","","","","","","","","","","","","","","","","","","","","","","","","","","","","","","","","","","","","","","","","","","","","","","","","","","","","","","","","","","","",
"Cayman Islands","CYM","Number of surgical procedures (per 100,000 population)","SH.SGR.PROC.P5","","","","","","","","","","","","","","","","","","","","","","","","","","","","","","","","","","","","","","","","","","","","","","","","","","","","","","","","8771","","","","","","","","",
"Cyprus","CYP","Number of surgical procedures (per 100,000 population)","SH.SGR.PROC.P5","","","","","","","","","","","","","","","","","","","","","","","","","","","","","","","","","","","","","","","","","","","","","","","","","","","","","","","3060","","","","","","","","","",
"Czechia","CZE","Number of surgical procedures (per 100,000 population)","SH.SGR.PROC.P5","","","","","","","","","","","","","","","","","","","","","","","","","","","","","","","","","","","","","","","","","","","","","","","","","","","","","6268","","","","","","","","","","","",
"Germany","DEU","Number of surgical procedures (per 100,000 population)","SH.SGR.PROC.P5","","","","","","","","","","","","","","","","","","","","","","","","","","","","","","","","","","","","","","","","","","","","","","","","","","","","","12188","","","","","","","","","","19123.7","",
"Djibouti","DJI","Number of surgical procedures (per 100,000 population)","SH.SGR.PROC.P5","","","","","","","","","","","","","","","","","","","","","","","","","","","","","","","","","","","","","","","","","","","","","","","","","","","","","","","","","","","","","","","","",
"Dominica","DMA","Number of surgical procedures (per 100,000 population)","SH.SGR.PROC.P5","","","","","","","","","","","","","","","","","","","","","","","","","","","","","","","","","","","","","","","","","","","","","","","","","","","","","","","","","","","","","","","","",
"Denmark","DNK","Number of surgical procedures (per 100,000 population)","SH.SGR.PROC.P5","","","","","","","","","","","","","","","","","","","","","","","","","","","","","","","","","","","","","","","","","","","","","","","","","","","","","","","","21197","","","","","","","","",
"Dominican Republic","DOM","Number of surgical procedures (per 100,000 population)","SH.SGR.PROC.P5","","","","","","","","","","","","","","","","","","","","","","","","","","","","","","","","","","","","","","","","","","","","","","","","","","","","","","","","","","","","","","","","",
"Algeria","DZA","Number of surgical procedures (per 100,000 population)","SH.SGR.PROC.P5","","","","","","","","","","","","","","","","","","","","","","","","","","","","","","","","","","","","","","","","","","","","","","","","","","","","","","","","","","","","","","","","",
"East Asia & Pacific (excluding high income)","EAP","Number of surgical procedures (per 100,000 population)","SH.SGR.PROC.P5","","","","","","","","","","","","","","","","","","","","","","","","","","","","","","","","","","","","","","","","","","","","","","","","","","","","","","","","","2639.39481526611","","","","","","","",
"Early-demographic dividend","EAR","Number of surgical procedures (per 100,000 population)","SH.SGR.PROC.P5","","","","","","","","","","","","","","","","","","","","","","","","","","","","","","","","","","","","","","","","","","","","","","","","","","","","","","","","","","","","","","","","",
"East Asia & Pacific","EAS","Number of surgical procedures (per 100,000 population)","SH.SGR.PROC.P5","","","","","","","","","","","","","","","","","","","","","","","","","","","","","","","","","","","","","","","","","","","","","","","","","","","","","","","","","2893.34391994814","","","","","","","",
"Europe & Central Asia (excluding high income)","ECA","Number of surgical procedures (per 100,000 population)","SH.SGR.PROC.P5","","","","","","","","","","","","","","","","","","","","","","","","","","","","","","","","","","","","","","","","","","","","","","","","","","","","","","","","","6680.87337585845","","","","","","","",
"Europe & Central Asia","ECS","Number of surgical procedures (per 100,000 population)","SH.SGR.PROC.P5","","","","","","","","","","","","","","","","","","","","","","","","","","","","","","","","","","","","","","","","","","","","","","","","","","","","","","","","","9534.78528403251","","","","","","","",
"Ecuador","ECU","Number of surgical procedures (per 100,000 population)","SH.SGR.PROC.P5","","","","","","","","","","","","","","","","","","","","","","","","","","","","","","","","","","","","","","","","","","","","","","","","","","","","","","","","1552","","","","","","","","",
"Egypt, Arab Rep.","EGY","Number of surgical procedures (per 100,000 population)","SH.SGR.PROC.P5","","","","","","","","","","","","","","","","","","","","","","","","","","","","","","","","","","","","","","","","","","","","","","","","","","","","","","","","","","","","","","","","",
"Euro area","EMU","Number of surgical procedures (per 100,000 population)","SH.SGR.PROC.P5","","","","","","","","","","","","","","","","","","","","","","","","","","","","","","","","","","","","","","","","","","","","","","","","","","","","","","","","","13320.0477935261","","","","","","","",
"Eritrea","ERI","Number of surgical procedures (per 100,000 population)","SH.SGR.PROC.P5","","","","","","","","","","","","","","","","","","","","","","","","","","","","","","","","","","","","","","","","","","","","","","","","","","","","","","","","","","","","","","","","",
"Spain","ESP","Number of surgical procedures (per 100,000 population)","SH.SGR.PROC.P5","","","","","","","","","","","","","","","","","","","","","","","","","","","","","","","","","","","","","","","","","","","","","","","","","","","10110","","","","10579","","","","","","","","","6953.2",
"Estonia","EST","Number of surgical procedures (per 100,000 population)","SH.SGR.PROC.P5","","","","","","","","","","","","","","","","","","","","","","","","","","","","","","","","","","","","","","","","","","","","","","","","","","","","","","","9684","","","","","","","","14832.3","",
"Ethiopia","ETH","Number of surgical procedures (per 100,000 population)","SH.SGR.PROC.P5","","","","","","","","","","","","","","","","","","","","","","","","","","","","","","","","","","","","","","","","","","","","","","","","","","","","43","","192","","","","","","","","","","",
"European Union","EUU","Number of surgical procedures (per 100,000 population)","SH.SGR.PROC.P5","","","","","","","","","","","","","","","","","","","","","","","","","","","","","","","","","","","","","","","","","","","","","","","","","","","","","","","","","12081.3845082179","","","","","","","",
"Fragile and conflict affected situations","FCS","Number of surgical procedures (per 100,000 population)","SH.SGR.PROC.P5","","","","","","","","","","","","","","","","","","","","","","","","","","","","","","","","","","","","","","","","","","","","","","","","","","","","","","","","","","","","","","","","",
"Finland","FIN","Number of surgical procedures (per 100,000 population)","SH.SGR.PROC.P5","","","","","","","","","","","","","","","","","","","","","","","","","","","","","","","","","","","","","","","","","","","","","","","","","","","","","","","8850","","","","","","","","15870","",
"Fiji","FJI","Number of surgical procedures (per 100,000 population)","SH.SGR.PROC.P5","","","","","","","","","","","","","","","","","","","","","","","","","","","","","","","","","","","","","","","","","","","","","","","","","","","","","","","","","1490","","","","2247","","","",
"France","FRA","Number of surgical procedures (per 100,000 population)","SH.SGR.PROC.P5","","","","","","","","","","","","","","","","","","","","","","","","","","","","","","","","","","","","","","","","","","","","","","","","","","","","","16306","","","","","","","","","","","",
"Faroe Islands","FRO","Number of surgical procedures (per 100,000 population)","SH.SGR.PROC.P5","","","","","","","","","","","","","","","","","","","","","","","","","","","","","","","","","","","","","","","","","","","","","","","","","","","","","","","","","","","","","","","","",
"Micronesia, Fed. Sts.","FSM","Number of surgical procedures (per 100,000 population)","SH.SGR.PROC.P5","","","","","","","","","","","","","","","","","","","","","","","","","","","","","","","","","","","","","","","","","","","","","","","","","","","","","","","","","","","","","","","","",
"Gabon","GAB","Number of surgical procedures (per 100,000 population)","SH.SGR.PROC.P5","","","","","","","","","","","","","","","","","","","","","","","","","","","","","","","","","","","","","","","","","","","","","","","","","","","","","","","","","","","","","","","","",
"United Kingdom","GBR","Number of surgical procedures (per 100,000 population)","SH.SGR.PROC.P5","","","","","","","","","","","","","","","","","","","","","","","","","","","","","","","","","","","","","","","","","","","","","","","","","","","7181","","15280","","10487","","","","","","","","","",
"Georgia","GEO","Number of surgical procedures (per 100,000 population)","SH.SGR.PROC.P5","","","","","","","","","","","","","","","","","","","","","","","","","","","","","","","","","","","","","","","","","","","","","","","","","","","","","","","5488","","","","","","4473","","","",
"Ghana","GHA","Number of surgical procedures (per 100,000 population)","SH.SGR.PROC.P5","","","","","","","","","","","","","","","","","","","","","","","","","","","","","","","","","","","","","","","","","","","","","","","","","","","","","","","","869","","","","","","","","",
"Gibraltar","GIB","Number of surgical procedures (per 100,000 population)","SH.SGR.PROC.P5","","","","","","","","","","","","","","","","","","","","","","","","","","","","","","","","","","","","","","","","","","","","","","","","","","","","","","","","","","","","","","","","",
"Guinea","GIN","Number of surgical procedures (per 100,000 population)","SH.SGR.PROC.P5","","","","","","","","","","","","","","","","","","","","","","","","","","","","","","","","","","","","","","","","","","","","","","","","","","","","","","","","","","","","","","","","",
"Gambia, The","GMB","Number of surgical procedures (per 100,000 population)","SH.SGR.PROC.P5","","","","","","","","","","","","","","","","","","","","","","","","","","","","","","","","","","","","","","","","","","","","","","","","","","","","","","","","","","","","","","","","",
"Guinea-Bissau","GNB","Number of surgical procedures (per 100,000 population)","SH.SGR.PROC.P5","","","","","","","","","","","","","","","","","","","","","","","","","","","","","","","","","","","","","","","","","","","","","","","","","","","","","","","","","","","","","","","","",
"Equatorial Guinea","GNQ","Number of surgical procedures (per 100,000 population)","SH.SGR.PROC.P5","","","","","","","","","","","","","","","","","","","","","","","","","","","","","","","","","","","","","","","","","","","","","","","","","","","","","","","","","","","","","","","","",
"Greece","GRC","Number of surgical procedures (per 100,000 population)","SH.SGR.PROC.P5","","","","","","","","","","","","","","","","","","","","","","","","","","","","","","","","","","","","","","","","","","","","","","","","6994","","","","","","","","","","","","","","","","",
"Grenada","GRD","Number of surgical procedures (per 100,000 population)","SH.SGR.PROC.P5","","","","","","","","","","","","","","","","","","","","","","","","","","","","","","","","","","","","","","","","","","","","","","","","","","","","","","","","","","","","","","","","",
"Greenland","GRL","Number of surgical procedures (per 100,000 population)","SH.SGR.PROC.P5","","","","","","","","","","","","","","","","","","","","","","","","","","","","","","","","","","","","","","","","","","","","","","","","","","","","","","","","","","","","","","","","",
"Guatemala","GTM","Number of surgical procedures (per 100,000 population)","SH.SGR.PROC.P5","","","","","","","","","","","","","","","","","","","","","","","","","","","","","","","","","","","","","","","","","","","","","","","","","","","","","1505","","","","","","","","","935.3","","",
"Guam","GUM","Number of surgical procedures (per 100,000 population)","SH.SGR.PROC.P5","","","","","","","","","","","","","","","","","","","","","","","","","","","","","","","","","","","","","","","","","","","","","","","","","","","","","","","","","","","","","","","","",
"Guyana","GUY","Number of surgical procedures (per 100,000 population)","SH.SGR.PROC.P5","","","","","","","","","","","","","","","","","","","","","","","","","","","","","","","","","","","","","","","","","","","","","","","","","","","","","","","","","","","","","","","","",
"High income","HIC","Number of surgical procedures (per 100,000 population)","SH.SGR.PROC.P5","","","","","","","","","","","","","","","","","","","","","","","","","","","","","","","","","","","","","","","","","","","","","","","","","","","","","","","","","","","","","","","","",
"Hong Kong SAR, China","HKG","Number of surgical procedures (per 100,000 population)","SH.SGR.PROC.P5","","","","","","","","","","","","","","","","","","","","","","","","","","","","","","","","","","","","","","","","","","","","","","","","","","","","","","","","","","","","","","","","1734.5",
"Honduras","HND","Number of surgical procedures (per 100,000 population)","SH.SGR.PROC.P5","","","","","","","","","","","","","","","","","","","","","","","","","","","","","","","","","","","","","","","","","","","","","","","","","","","","","","","","","","","","","","","","",
"Heavily indebted poor countries (HIPC)","HPC","Number of surgical procedures (per 100,000 population)","SH.SGR.PROC.P5","","","","","","","","","","","","","","","","","","","","","","","","","","","","","","","","","","","","","","","","","","","","","","","","","","","","","","","","","","","","","","","","",
"Croatia","HRV","Number of surgical procedures (per 100,000 population)","SH.SGR.PROC.P5","","","","","","","","","","","","","","","","","","","","","","","","","","","","","","","","","","","","","","","","","","","","","","","","","","","","","","","","","","","","","","","","",
"Haiti","HTI","Number of surgical procedures (per 100,000 population)","SH.SGR.PROC.P5","","","","","","","","","","","","","","","","","","","","","","","","","","","","","","","","","","","","","","","","","","","","","","","","","","","","","","","","","","","","","","","","",
"Hungary","HUN","Number of surgical procedures (per 100,000 population)","SH.SGR.PROC.P5","","","","","","","","","","","","","","","","","","","","","","","","","","","","","","","","","","","","","","","","","","","","","","","","","","","13827","","","","","","","","","","","","","",
"IBRD only","IBD","Number of surgical procedures (per 100,000 population)","SH.SGR.PROC.P5","","","","","","","","","","","","","","","","","","","","","","","","","","","","","","","","","","","","","","","","","","","","","","","","","","","","","","","","","","","","","","","","",
"IDA & IBRD total","IBT","Number of surgical procedures (per 100,000 population)","SH.SGR.PROC.P5","","","","","","","","","","","","","","","","","","","","","","","","","","","","","","","","","","","","","","","","","","","","","","","","","","","","","","","","","","","","","","","","",
"IDA total","IDA","Number of surgical procedures (per 100,000 population)","SH.SGR.PROC.P5","","","","","","","","","","","","","","","","","","","","","","","","","","","","","","","","","","","","","","","","","","","","","","","","","","","","","","","","","","","","","","","","",
"IDA blend","IDB","Number of surgical procedures (per 100,000 population)","SH.SGR.PROC.P5","","","","","","","","","","","","","","","","","","","","","","","","","","","","","","","","","","","","","","","","","","","","","","","","","","","","","","","","","","","","","","","","",
"Indonesia","IDN","Number of surgical procedures (per 100,000 population)","SH.SGR.PROC.P5","","","","","","","","","","","","","","","","","","","","","","","","","","","","","","","","","","","","","","","","","","","","","","","","","","","","","","","","","","","","","","","","",
"IDA only","IDX","Number of surgical procedures (per 100,000 population)","SH.SGR.PROC.P5","","","","","","","","","","","","","","","","","","","","","","","","","","","","","","","","","","","","","","","","","","","","","","","","","","","","","","","","","","","","","","","","",
"Isle of Man","IMN","Number of surgical procedures (per 100,000 population)","SH.SGR.PROC.P5","","","","","","","","","","","","","","","","","","","","","","","","","","","","","","","","","","","","","","","","","","","","","","","","","","","","","","","9770","","","","","","","","","",
"India","IND","Number of surgical procedures (per 100,000 population)","SH.SGR.PROC.P5","","","","","","","","","","","","","","","","","","","","","","","","","","","","","","","","","","","","","","","","","","","","","","","","","","","","","","","","","","","","","","","","",
"Not classified","INX","Number of surgical procedures (per 100,000 population)","SH.SGR.PROC.P5","","","","","","","","","","","","","","","","","","","","","","","","","","","","","","","","","","","","","","","","","","","","","","","","","","","","","","","","","","","","","","","","",
"Ireland","IRL","Number of surgical procedures (per 100,000 population)","SH.SGR.PROC.P5","","","","","","","","","","","","","","","","","","","","","","","","","","","","","","","","","","","","","","","","","","","","","","","","","","","3053","","","","","","","","","","","","","",
"Iran, Islamic Rep.","IRN","Number of surgical procedures (per 100,000 population)","SH.SGR.PROC.P5","","","","","","","","","","","","","","","","","","","","","","","","","","","","","","","","","","","","","","","","","","","","","","","","","","","802.7","","","","","","","","","","","","","",
"Iraq","IRQ","Number of surgical procedures (per 100,000 population)","SH.SGR.PROC.P5","","","","","","","","","","","","","","","","","","","","","","","","","","","","","","","","","","","","","","","","","","","","","","","","","","","","","","","","","","","","","","","","",
"Iceland","ISL","Number of surgical procedures (per 100,000 population)","SH.SGR.PROC.P5","","","","","","","","","","","","","","","","","","","","","","","","","","","","","","","","","","","","","","","","","","","","","","","","","","13185","","","","","","","","","","","","","","",
"Israel","ISR","Number of surgical procedures (per 100,000 population)","SH.SGR.PROC.P5","","","","","","","","","","","","","","","","","","","","","","","","","","","","","","","","","","","","","","","","","","","","","","","","","","","","","","","4879","","","","","","","","","",
"Italy","ITA","Number of surgical procedures (per 100,000 population)","SH.SGR.PROC.P5","","","","","","","","","","","","","","","","","","","","","","","","","","","","","","","","","","","","","","","","","","","","","","","","","","","","","6918","","","","","","","","","","","",
"Jamaica","JAM","Number of surgical procedures (per 100,000 population)","SH.SGR.PROC.P5","","","","","","","","","","","","","","","","","","","","","","","","","","","","","","","","","","","","","","","","","","","","","","","","","","","","","","","","","1311.8","","","","","","","",
"Jordan","JOR","Number of surgical procedures (per 100,000 population)","SH.SGR.PROC.P5","","","","","","","","","","","","","","","","","","","","","","","","","","","","","","","","","","","","","","","","","","","","","","","","","","","","","","","","2473","","","","","","","","",
"Japan","JPN","Number of surgical procedures (per 100,000 population)","SH.SGR.PROC.P5","","","","","","","","","","","","","","","","","","","","","","","","","","","","","","","","","","","","","","","","","","","","","","","","","","","","","","","","","","","","","","","","",
"Kazakhstan","KAZ","Number of surgical procedures (per 100,000 population)","SH.SGR.PROC.P5","","","","","","","","","","","","","","","","","","","","","","","","","","","","","","","","","","","","","","","","","","","","","","","","","","","","","","","","4459","","","","","3946","","","",
"Kenya","KEN","Number of surgical procedures (per 100,000 population)","SH.SGR.PROC.P5","","","","","","","","","","","","","","","","","","","","","","","","","","","","","","","","","","","","","","","","","","","263","","","","","","","","","","","","","","","","","","","","","",
"Kyrgyz Republic","KGZ","Number of surgical procedures (per 100,000 population)","SH.SGR.PROC.P5","","","","","","","","","","","","","","","","","","","","","","","","","","","","","","","","","","","","","","","","","","","","","","","","","","","","","","","","3045","","","","","2677","","","",
"Cambodia","KHM","Number of surgical procedures (per 100,000 population)","SH.SGR.PROC.P5","","","","","","","","","","","","","","","","","","","","","","","","","","","","","","","","","","","","","","","","","","","","","","","","","","","","","","","","","","","1356","","","","","",
"Kiribati","KIR","Number of surgical procedures (per 100,000 population)","SH.SGR.PROC.P5","","","","","","","","","","","","","","","","","","","","","","","","","","","","","","","","","","","","","","","","","","","","","","","","","","","","","","","","","1718","","","","","","","",
"St. Kitts and Nevis","KNA","Number of surgical procedures (per 100,000 population)","SH.SGR.PROC.P5","","","","","","","","","","","","","","","","","","","","","","","","","","","","","","","","","","","","","","","","","","","","","","","","","","","","","","","","","","","","","","","","",
"Korea, Rep.","KOR","Number of surgical procedures (per 100,000 population)","SH.SGR.PROC.P5","","","","","","","","","","","","","","","","","","","","","","","","","","","","","","","","","","","","","","","","","","","","","","","","","","","","","3406","","","","","","","","","","3234.9","",
"Kuwait","KWT","Number of surgical procedures (per 100,000 population)","SH.SGR.PROC.P5","","","","","","","","","","","","","","","","","","","","","","","","","","","","","","","","","","","","","","","","","","","","","","","","","","","","","","","","","","","","","","","","",
"Latin America & Caribbean (excluding high income)","LAC","Number of surgical procedures (per 100,000 population)","SH.SGR.PROC.P5","","","","","","","","","","","","","","","","","","","","","","","","","","","","","","","","","","","","","","","","","","","","","","","","","","","","","","","","","9497.61406930036","","","","","","","",
"Lao PDR","LAO","Number of surgical procedures (per 100,000 population)","SH.SGR.PROC.P5","","","","","","","","","","","","","","","","","","","","","","","","","","","","","","","","","","","","","","","","","","","","","","","","","","","","","","","","","","","","","","","","",
"Lebanon","LBN","Number of surgical procedures (per 100,000 population)","SH.SGR.PROC.P5","","","","","","","","","","","","","","","","","","","","","","","","","","","","","","","","","","","","","","","","","","","","","","","","","","","","","","","","","","","","","","","","",
"Liberia","LBR","Number of surgical procedures (per 100,000 population)","SH.SGR.PROC.P5","","","","","","","","","","","","","","","","","","","","","","","","","","","","","","","","","","","","","","","","","","","","","","","","","","","","","","330","","","","","462","","","","","",
"Libya","LBY","Number of surgical procedures (per 100,000 population)","SH.SGR.PROC.P5","","","","","","","","","","","","","","","","","","","","","","","","","","","","","","","","","","","","","","","","","","","","","","","","","","","","","","","","","","","","","","","","",
"St. Lucia","LCA","Number of surgical procedures (per 100,000 population)","SH.SGR.PROC.P5","","","","","","","","","","","","","","","","","","","","","","","","","","","","","","","","","","","","","","","","","","","","","","","","","","","","","","","","","","","","","","","","",
"Latin America & Caribbean","LCN","Number of surgical procedures (per 100,000 population)","SH.SGR.PROC.P5","","","","","","","","","","","","","","","","","","","","","","","","","","","","","","","","","","","","","","","","","","","","","","","","","","","","","","","","","9492.53508646711","","","","","","","",
"Least developed countries: UN classification","LDC","Number of surgical procedures (per 100,000 population)","SH.SGR.PROC.P5","","","","","","","","","","","","","","","","","","","","","","","","","","","","","","","","","","","","","","","","","","","","","","","","","","","","","","","","","","","","","","","","",
"Low income","LIC","Number of surgical procedures (per 100,000 population)","SH.SGR.PROC.P5","","","","","","","","","","","","","","","","","","","","","","","","","","","","","","","","","","","","","","","","","","","","","","","","","","","","","","","","","","","","","","","","",
"Liechtenstein","LIE","Number of surgical procedures (per 100,000 population)","SH.SGR.PROC.P5","","","","","","","","","","","","","","","","","","","","","","","","","","","","","","","","","","","","","","","","","","","","","","","","","","","","","","","","","","","","","","","","",
"Sri Lanka","LKA","Number of surgical procedures (per 100,000 population)","SH.SGR.PROC.P5","","","","","","","","","","","","","","","","","","","","","","","","","","","","","","","","","","","","","","","","","","","","","","","","","","","","","","","","4943","","","","","","","","",
"Lower middle income","LMC","Number of surgical procedures (per 100,000 population)","SH.SGR.PROC.P5","","","","","","","","","","","","","","","","","","","","","","","","","","","","","","","","","","","","","","","","","","","","","","","","","","","","","","","","","","","","","","","","",
"Low & middle income","LMY","Number of surgical procedures (per 100,000 population)","SH.SGR.PROC.P5","","","","","","","","","","","","","","","","","","","","","","","","","","","","","","","","","","","","","","","","","","","","","","","","","","","","","","","","","","","","","","","","",
"Lesotho","LSO","Number of surgical procedures (per 100,000 population)","SH.SGR.PROC.P5","","","","","","","","","","","","","","","","","","","","","","","","","","","","","","","","","","","","","","","","","","","","","","","","","","","","","","","","","","","","","","","","",
"Late-demographic dividend","LTE","Number of surgical procedures (per 100,000 population)","SH.SGR.PROC.P5","","","","","","","","","","","","","","","","","","","","","","","","","","","","","","","","","","","","","","","","","","","","","","","","","","","","","","","","","4719.00250356809","","","","","","","",
"Lithuania","LTU","Number of surgical procedures (per 100,000 population)","SH.SGR.PROC.P5","","","","","","","","","","","","","","","","","","","","","","","","","","","","","","","","","","","","","","","","","","","","","","","","","","","","","","","","10189","","","","","","","4303.6","",
"Luxembourg","LUX","Number of surgical procedures (per 100,000 population)","SH.SGR.PROC.P5","","","","","","","","","","","","","","","","","","","","","","","","","","","","","","","","","","","","","","","","","","","","","","","","","","","","","21933","","","","","","","","","","","",
"Latvia","LVA","Number of surgical procedures (per 100,000 population)","SH.SGR.PROC.P5","","","","","","","","","","","","","","","","","","","","","","","","","","","","","","","","","","","","","","","","","","","","","","","","","","","","","","","","18395","","","","","","","","",
"Macao SAR, China","MAC","Number of surgical procedures (per 100,000 population)","SH.SGR.PROC.P5","","","","","","","","","","","","","","","","","","","","","","","","","","","","","","","","","","","","","","","","","","","","","","","","","","","","","","","","","","","","","","","2721.2","",
"St. Martin (French part)","MAF","Number of surgical procedures (per 100,000 population)","SH.SGR.PROC.P5","","","","","","","","","","","","","","","","","","","","","","","","","","","","","","","","","","","","","","","","","","","","","","","","","","","","","","","","","","","","","","","","",
"Morocco","MAR","Number of surgical procedures (per 100,000 population)","SH.SGR.PROC.P5","","","","","","","","","","","","","","","","","","","","","","","","","","","","","","","","","","","","","","","","","","","","","","","","","","","","","","","","746","","","","","","","","",
"Monaco","MCO","Number of surgical procedures (per 100,000 population)","SH.SGR.PROC.P5","","","","","","","","","","","","","","","","","","","","","","","","","","","","","","","","","","","","","","","","","","","","","","","","","","","","","","","","","","","","","23987","","","",
"Moldova","MDA","Number of surgical procedures (per 100,000 population)","SH.SGR.PROC.P5","","","","","","","","","","","","","","","","","","","","","","","","","","","","","","","","","","","","","","","","","","","","","","","","","","","","","","","4898","","","","","","4279","","","",
"Madagascar","MDG","Number of surgical procedures (per 100,000 population)","SH.SGR.PROC.P5","","","","","","","","","","","","","","","","","","","","","","","","","","","","","","","","","","","","","","","","","","","","","","","","","","","","","","","","","163","","","","","","","",
"Maldives","MDV","Number of surgical procedures (per 100,000 population)","SH.SGR.PROC.P5","","","","","","","","","","","","","","","","","","","","","","","","","","","","","","","","","","","","","","","","","","","","","","","","","","","","","","","","","","","","","","","","",
"Middle East & North Africa","MEA","Number of surgical procedures (per 100,000 population)","SH.SGR.PROC.P5","","","","","","","","","","","","","","","","","","","","","","","","","","","","","","","","","","","","","","","","","","","","","","","","","","","","","","","","","","","","","","","","",
"Mexico","MEX","Number of surgical procedures (per 100,000 population)","SH.SGR.PROC.P5","","","","","","","","","","","","","","","","","","","","","","","","","","","","","","","","","","","","","","","","","","","","","","","","","","","","","","","","1303","","","","","","","","",
"Marshall Islands","MHL","Number of surgical procedures (per 100,000 population)","SH.SGR.PROC.P5","","","","","","","","","","","","","","","","","","","","","","","","","","","","","","","","","","","","","","","","","","","","","","","","","","","","","","","","","","","","","","","","",
"Middle income","MIC","Number of surgical procedures (per 100,000 population)","SH.SGR.PROC.P5","","","","","","","","","","","","","","","","","","","","","","","","","","","","","","","","","","","","","","","","","","","","","","","","","","","","","","","","","","","","","","","","",
"North Macedonia","MKD","Number of surgical procedures (per 100,000 population)","SH.SGR.PROC.P5","","","","","","","","","","","","","","","","","","","","","","","","","","","","","","","","","","","","","","","","","","","","","","","","","","","","","","","","","","","","","","","","",
"Mali","MLI","Number of surgical procedures (per 100,000 population)","SH.SGR.PROC.P5","","","","","","","","","","","","","","","","","","","","","","","","","","","","","","","","","","","","","","","","","","","","","","","","","","3321","","","","","","","","","","","","","","",
"Malta","MLT","Number of surgical procedures (per 100,000 population)","SH.SGR.PROC.P5","","","","","","","","","","","","","","","","","","","","","","","","","","","","","","","","","","","","","","","","","","","","","","","","","","","","","13232","","","","","","","","","","","",
"Myanmar","MMR","Number of surgical procedures (per 100,000 population)","SH.SGR.PROC.P5","","","","","","","","","","","","","","","","","","","","","","","","","","","","","","","","","","","","","","","","","","","","","","","","","","","","668","","","","","","","","","","","","",
"Middle East & North Africa (excluding high income)","MNA","Number of surgical procedures (per 100,000 population)","SH.SGR.PROC.P5","","","","","","","","","","","","","","","","","","","","","","","","","","","","","","","","","","","","","","","","","","","","","","","","","","","","","","","","","","","","","","","","",
"Montenegro","MNE","Number of surgical procedures (per 100,000 population)","SH.SGR.PROC.P5","","","","","","","","","","","","","","","","","","","","","","","","","","","","","","","","","","","","","","","","","","","","","","","","","","","","","","","","","","","","","","","","",
"Mongolia","MNG","Number of surgical procedures (per 100,000 population)","SH.SGR.PROC.P5","","","","","","","","","","","","","","","","","","","","","","","","","","","","","","","","","","","","","","","","","","","","","","","","","","","","","","","5339","","","","","","6288.6","","","",
"Northern Mariana Islands","MNP","Number of surgical procedures (per 100,000 population)","SH.SGR.PROC.P5","","","","","","","","","","","","","","","","","","","","","","","","","","","","","","","","","","","","","","","","","","","","","","","","","","","","","","","","","","","","","","","","",
"Mozambique","MOZ","Number of surgical procedures (per 100,000 population)","SH.SGR.PROC.P5","","","","","","","","","","","","","","","","","","","","","","","","","","","","","","","","","","","","","","","","","","","","","","","","","","","","","","","","367","","","","","","","","",
"Mauritania","MRT","Number of surgical procedures (per 100,000 population)","SH.SGR.PROC.P5","","","","","","","","","","","","","","","","","","","","","","","","","","","","","","","","","","","","","","","","","","","","","","","","","","","","","","","","","","","","","","","","",
"Mauritius","MUS","Number of surgical procedures (per 100,000 population)","SH.SGR.PROC.P5","","","","","","","","","","","","","","","","","","","","","","","","","","","","","","","","","","","","","","","","","","","","","","","","","","","","","","","2057","","","","","","","","4051.1","",
"Malawi","MWI","Number of surgical procedures (per 100,000 population)","SH.SGR.PROC.P5","","","","","","","","","","","","","","","","","","","","","","","","","","","","","","","","","","","","","","","","","","","","372","","","","","","","","","","","","","","","","","","","","",
"Malaysia","MYS","Number of surgical procedures (per 100,000 population)","SH.SGR.PROC.P5","","","","","","","","","","","","","","","","","","","","","","","","","","","","","","","","","","","","","","","","","","","","","","","","","","","","","","","","","","","","","","","","",
"North America","NAC","Number of surgical procedures (per 100,000 population)","SH.SGR.PROC.P5","","","","","","","","","","","","","","","","","","","","","","","","","","","","","","","","","","","","","","","","","","","","","","","","","","","","","","","","","","","","","","","","",
"Namibia","NAM","Number of surgical procedures (per 100,000 population)","SH.SGR.PROC.P5","","","","","","","","","","","","","","","","","","","","","","","","","","","","","","","","","","","","","","","","","","","","","","","","","","","","","","","","","","","","","","","","",
"New Caledonia","NCL","Number of surgical procedures (per 100,000 population)","SH.SGR.PROC.P5","","","","","","","","","","","","","","","","","","","","","","","","","","","","","","","","","","","","","","","","","","","","","","","","","","","","","","","","","","","","","","","","",
"Niger","NER","Number of surgical procedures (per 100,000 population)","SH.SGR.PROC.P5","","","","","","","","","","","","","","","","","","","","","","","","","","","","","","","","","","","","","","","","","","","","","","","","","","","","","","","263","","","","","","","","","",
"Nigeria","NGA","Number of surgical procedures (per 100,000 population)","SH.SGR.PROC.P5","","","","","","","","","","","","","","","","","","","","","","","","","","","","","","","","","","","","","","","","","","","","","","","","","","","","","","","","","","","","","","","","",
"Nicaragua","NIC","Number of surgical procedures (per 100,000 population)","SH.SGR.PROC.P5","","","","","","","","","","","","","","","","","","","","","","","","","","","","","","","","","","","","","","","","","","","","","","","","","","","4860","","","","","","","","","","","","","",
"Netherlands","NLD","Number of surgical procedures (per 100,000 population)","SH.SGR.PROC.P5","","","","","","","","","","","","","","","","","","","","","","","","","","","","","","","","","","","","","","","","","","","","","","","","","","","","","16639","","","","","","","","","","","",
"Norway","NOR","Number of surgical procedures (per 100,000 population)","SH.SGR.PROC.P5","","","","","","","","","","","","","","","","","","","","","","","","","","","","","","","","","","","","","","","","","","","","17401","","","","","","","","","","","","","","","","","","","","",
"Nepal","NPL","Number of surgical procedures (per 100,000 population)","SH.SGR.PROC.P5","","","","","","","","","","","","","","","","","","","","","","","","","","","","","","","","","","","","","","","","","","","","","","","","","","","","208","","","","","","","","","","","","",
"Nauru","NRU","Number of surgical procedures (per 100,000 population)","SH.SGR.PROC.P5","","","","","","","","","","","","","","","","","","","","","","","","","","","","","","","","","","","","","","","","","","","","","","","","","","","","","","","","","7130","","","","","","","",
"New Zealand","NZL","Number of surgical procedures (per 100,000 population)","SH.SGR.PROC.P5","","","","","","","","","","","","","","","","","","","","","","","","","","","","","","","","","","","","","","","","","","","","","","","","","","","","","","","","","5308","","","","","","","",
"OECD members","OED","Number of surgical procedures (per 100,000 population)","SH.SGR.PROC.P5","","","","","","","","","","","","","","","","","","","","","","","","","","","","","","","","","","","","","","","","","","","","","","","","","","","","","","","","","","","","","","","","",
"Oman","OMN","Number of surgical procedures (per 100,000 population)","SH.SGR.PROC.P5","","","","","","","","","","","","","","","","","","","","","","","","","","","","","","","","","","","","","","","","","","","","","","","","","","","","","","","","2293","","","","","","","1609.6","",
"Other small states","OSS","Number of surgical procedures (per 100,000 population)","SH.SGR.PROC.P5","","","","","","","","","","","","","","","","","","","","","","","","","","","","","","","","","","","","","","","","","","","","","","","","","","","","","","","","","","","","","","","","",
"Pakistan","PAK","Number of surgical procedures (per 100,000 population)","SH.SGR.PROC.P5","","","","","","","","","","","","","","","","","","","","","","","","","","","","","","","","","","","","","","","","","","","","","","","","","","","","","","","","","","","","","","","","",
"Panama","PAN","Number of surgical procedures (per 100,000 population)","SH.SGR.PROC.P5","","","","","","","","","","","","","","","","","","","","","","","","","","","","","","","","","","","","","","","","","","","","","","","","","","","","","","","","","","","","","","","","",
"Peru","PER","Number of surgical procedures (per 100,000 population)","SH.SGR.PROC.P5","","","","","","","","","","","","","","","","","","","","","","","","","","","","","","","","","","","","","","","","","","","","","","","","","","","","3005","","","","1969","","","","","","","","",
"Philippines","PHL","Number of surgical procedures (per 100,000 population)","SH.SGR.PROC.P5","","","","","","","","","","","","","","","","","","","","","","","","","","","","","","","","","","","","","","","","","","","","","","","","","","","","","","","","","","","","","","","","",
"Palau","PLW","Number of surgical procedures (per 100,000 population)","SH.SGR.PROC.P5","","","","","","","","","","","","","","","","","","","","","","","","","","","","","","","","","","","","","","","","","","","","","","","","","","","","","","","","","","","","","8606","","","",
"Papua New Guinea","PNG","Number of surgical procedures (per 100,000 population)","SH.SGR.PROC.P5","","","","","","","","","","","","","","","","","","","","","","","","","","","","","","","","","","","","","","","","","","","","","","","","","","","","","","","","","1264","","","","","","","",
"Poland","POL","Number of surgical procedures (per 100,000 population)","SH.SGR.PROC.P5","","","","","","","","","","","","","","","","","","","","","","","","","","","","","","","","","","","","","","","","","","","","","","","","","","","","","1515","","","","","","","","","","","",
"Pre-demographic dividend","PRE","Number of surgical procedures (per 100,000 population)","SH.SGR.PROC.P5","","","","","","","","","","","","","","","","","","","","","","","","","","","","","","","","","","","","","","","","","","","","","","","","","","","","","","","","","","","","","","","","",
"Puerto Rico","PRI","Number of surgical procedures (per 100,000 population)","SH.SGR.PROC.P5","","","","","","","","","","","","","","","","","","","","","","","","","","","","","","","","","","","","","","","","","","","","","","","","","","","","","","","","","","","","","","","","",
"Korea, Dem. People's Rep.","PRK","Number of surgical procedures (per 100,000 population)","SH.SGR.PROC.P5","","","","","","","","","","","","","","","","","","","","","","","","","","","","","","","","","","","","","","","","","","","","","","","","","","","","","","","","","","","","","","","","",
"Portugal","PRT","Number of surgical procedures (per 100,000 population)","SH.SGR.PROC.P5","","","","","","","","","","","","","","","","","","","","","","","","","","","","","","","","","","","","","","","","","","","","","","","","","","","","8439","","","","","","","","","","","","",
"Paraguay","PRY","Number of surgical procedures (per 100,000 population)","SH.SGR.PROC.P5","","","","","","","","","","","","","","","","","","","","","","","","","","","","","","","","","","","","","","","","","","","","","","","","","","","","","","","","","","","","","","","","",
"West Bank and Gaza","PSE","Number of surgical procedures (per 100,000 population)","SH.SGR.PROC.P5","","","","","","","","","","","","","","","","","","","","","","","","","","","","","","","","","","","","","","","","","","","","","","","","","","","","","","","","","","","","","","","","",
"Pacific island small states","PSS","Number of surgical procedures (per 100,000 population)","SH.SGR.PROC.P5","","","","","","","","","","","","","","","","","","","","","","","","","","","","","","","","","","","","","","","","","","","","","","","","","","","","","","","","","1717.56584433544","","","","","","","",
"Post-demographic dividend","PST","Number of surgical procedures (per 100,000 population)","SH.SGR.PROC.P5","","","","","","","","","","","","","","","","","","","","","","","","","","","","","","","","","","","","","","","","","","","","","","","","","","","","","","","","","","","","","","","","",
"French Polynesia","PYF","Number of surgical procedures (per 100,000 population)","SH.SGR.PROC.P5","","","","","","","","","","","","","","","","","","","","","","","","","","","","","","","","","","","","","","","","","","","","","","","","","","","","","","","","","","","","","","","","",
"Qatar","QAT","Number of surgical procedures (per 100,000 population)","SH.SGR.PROC.P5","","","","","","","","","","","","","","","","","","","","","","","","","","","","","","","","","","","","","","","","","","","","","","","","","","1891","","","","","","","","","","","","","","",
"Romania","ROU","Number of surgical procedures (per 100,000 population)","SH.SGR.PROC.P5","","","","","","","","","","","","","","","","","","","","","","","","","","","","","","","","","","","","","","","","","","","","","","","","","","","","","","","","","","","","","","","","",
"Russian Federation","RUS","Number of surgical procedures (per 100,000 population)","SH.SGR.PROC.P5","","","","","","","","","","","","","","","","","","","","","","","","","","","","","","","","","","","","","","","","","","","","","","","","","","","6622","","","","","","","","","","5439","","","",
"Rwanda","RWA","Number of surgical procedures (per 100,000 population)","SH.SGR.PROC.P5","","","","","","","","","","","","","","","","","","","","","","","","","","","","","","","","","","","","","","","","","","","","","","","","","","","512","","","","","","970.1","","","","","","","",
"South Asia","SAS","Number of surgical procedures (per 100,000 population)","SH.SGR.PROC.P5","","","","","","","","","","","","","","","","","","","","","","","","","","","","","","","","","","","","","","","","","","","","","","","","","","","","","","","","","","","","","","","","",
"Saudi Arabia","SAU","Number of surgical procedures (per 100,000 population)","SH.SGR.PROC.P5","","","","","","","","","","","","","","","","","","","","","","","","","","","","","","","","","","","","","","","","","","","","","","","","","","","","","3447","","","","","","","","","","","",
"Sudan","SDN","Number of surgical procedures (per 100,000 population)","SH.SGR.PROC.P5","","","","","","","","","","","","","","","","","","","","","","","","","","","","","","","","","","","","","","","","","","","","","","","","","","","","","","","","","","","","","","","","",
"Senegal","SEN","Number of surgical procedures (per 100,000 population)","SH.SGR.PROC.P5","","","","","","","","","","","","","","","","","","","","","","","","","","","","","","","","","","","","","","","","","","","","","","","","","","","","","","","","","","","393.5","","","","","",
"Singapore","SGP","Number of surgical procedures (per 100,000 population)","SH.SGR.PROC.P5","","","","","","","","","","","","","","","","","","","","","","","","","","","","","","","","","","","","","","","","","","","","","","","","","","","","","","","","","","","","5052","","","","",
"Solomon Islands","SLB","Number of surgical procedures (per 100,000 population)","SH.SGR.PROC.P5","","","","","","","","","","","","","","","","","","","","","","","","","","","","","","","","","","","","","","","","","","","","","","","","","","","","","","","","","868","","","","","","","",
"Sierra Leone","SLE","Number of surgical procedures (per 100,000 population)","SH.SGR.PROC.P5","","","","","","","","","","","","","","","","","","","","","","","","","","","","","","","","","","","","","","","","","","","","","","","","","","","","","400","","","","","372","","","","","","",
"El Salvador","SLV","Number of surgical procedures (per 100,000 population)","SH.SGR.PROC.P5","","","","","","","","","","","","","","","","","","","","","","","","","","","","","","","","","","","","","","","","","","","","","","","","","","2797","","","","","","","","","","","","","","",
"San Marino","SMR","Number of surgical procedures (per 100,000 population)","SH.SGR.PROC.P5","","","","","","","","","","","","","","","","","","","","","","","","","","","","","","","","","","","","","","","","","","","","","","","","","","","","","","","","5145","","","","","4233","","","",
"Somalia","SOM","Number of surgical procedures (per 100,000 population)","SH.SGR.PROC.P5","","","","","","","","","","","","","","","","","","","","","","","","","","","","","","","","","","","","","","","","","","","","","","","","","","","","","","","","","","","","","","","","",
"Serbia","SRB","Number of surgical procedures (per 100,000 population)","SH.SGR.PROC.P5","","","","","","","","","","","","","","","","","","","","","","","","","","","","","","","","","","","","","","","","","","","","","","","","","","","","","","","","","","","","","","","","",
"Sub-Saharan Africa (excluding high income)","SSA","Number of surgical procedures (per 100,000 population)","SH.SGR.PROC.P5","","","","","","","","","","","","","","","","","","","","","","","","","","","","","","","","","","","","","","","","","","","","","","","","","","","","","","","","","","","","","","","","",
"South Sudan","SSD","Number of surgical procedures (per 100,000 population)","SH.SGR.PROC.P5","","","","","","","","","","","","","","","","","","","","","","","","","","","","","","","","","","","","","","","","","","","","","","","","","","","","","","","262","","","","","","","","","",
"Sub-Saharan Africa","SSF","Number of surgical procedures (per 100,000 population)","SH.SGR.PROC.P5","","","","","","","","","","","","","","","","","","","","","","","","","","","","","","","","","","","","","","","","","","","","","","","","","","","","","","","","","","","","","","","","",
"Small states","SST","Number of surgical procedures (per 100,000 population)","SH.SGR.PROC.P5","","","","","","","","","","","","","","","","","","","","","","","","","","","","","","","","","","","","","","","","","","","","","","","","","","","","","","","","","","","","","","","","",
"Sao Tome and Principe","STP","Number of surgical procedures (per 100,000 population)","SH.SGR.PROC.P5","","","","","","","","","","","","","","","","","","","","","","","","","","","","","","","","","","","","","","","","","","","","","","","","","","","","","","","","","","","","","","","","",
"Suriname","SUR","Number of surgical procedures (per 100,000 population)","SH.SGR.PROC.P5","","","","","","","","","","","","","","","","","","","","","","","","","","","","","","","","","","","","","","","","","","","","","","","","","","","","","","","","","","","","","","","","",
"Slovak Republic","SVK","Number of surgical procedures (per 100,000 population)","SH.SGR.PROC.P5","","","","","","","","","","","","","","","","","","","","","","","","","","","","","","","","","","","","","","","","","","","","","","","","","","","","","8786","","","","","","9787.4","","","","","",
"Slovenia","SVN","Number of surgical procedures (per 100,000 population)","SH.SGR.PROC.P5","","","","","","","","","","","","","","","","","","","","","","","","","","","","","","","","","","","","","","","","","","","","","","","","","","","7579","","","","","","","","","","","","","",
"Sweden","SWE","Number of surgical procedures (per 100,000 population)","SH.SGR.PROC.P5","","","","","","","","","","","","","","","","","","","","","","","","","","","","","","","","","","","","","","","","","","","","","","","","","","","","","","","15228","","","17480","","","","","14380","",
"Eswatini","SWZ","Number of surgical procedures (per 100,000 population)","SH.SGR.PROC.P5","","","","","","","","","","","","","","","","","","","","","","","","","","","","","","","","","","","","","","","","","","","","","","","","","","","","","","","","","","","","","","","","",
"Sint Maarten (Dutch part)","SXM","Number of surgical procedures (per 100,000 population)","SH.SGR.PROC.P5","","","","","","","","","","","","","","","","","","","","","","","","","","","","","","","","","","","","","","","","","","","","","","","","","","","","","","","","","","","","","","","","",
"Seychelles","SYC","Number of surgical procedures (per 100,000 population)","SH.SGR.PROC.P5","","","","","","","","","","","","","","","","","","","","","","","","","","","","","","","","","","","","","","","","","","","","","","","","","","","","","4268","","","","","","","","","","","",
"Syrian Arab Republic","SYR","Number of surgical procedures (per 100,000 population)","SH.SGR.PROC.P5","","","","","","","","","","","","","","","","","","","","","","","","","","","","","","","","","","","","","","","","","","","","","","","","","","","1617","","","","","","","","","","","","","",
"Turks and Caicos Islands","TCA","Number of surgical procedures (per 100,000 population)","SH.SGR.PROC.P5","","","","","","","","","","","","","","","","","","","","","","","","","","","","","","","","","","","","","","","","","","","","","","","","","","","","","","","","","","","","","","","","",
"Chad","TCD","Number of surgical procedures (per 100,000 population)","SH.SGR.PROC.P5","","","","","","","","","","","","","","","","","","","","","","","","","","","","","","","","","","","","","","","","","","","","","","","","","","","","","52","","","","","","","","","","","",
"East Asia & Pacific (IDA & IBRD countries)","TEA","Number of surgical procedures (per 100,000 population)","SH.SGR.PROC.P5","","","","","","","","","","","","","","","","","","","","","","","","","","","","","","","","","","","","","","","","","","","","","","","","","","","","","","","","","2639.50201162252","","","","","","","",
"Europe & Central Asia (IDA & IBRD countries)","TEC","Number of surgical procedures (per 100,000 population)","SH.SGR.PROC.P5","","","","","","","","","","","","","","","","","","","","","","","","","","","","","","","","","","","","","","","","","","","","","","","","","","","","","","","","","5782.12490019623","","","","","","","",
"Togo","TGO","Number of surgical procedures (per 100,000 population)","SH.SGR.PROC.P5","","","","","","","","","","","","","","","","","","","","","","","","","","","","","","","","","","","","","","","","","","","","","","","","","","","","","","","","","","","","","","","","",
"Thailand","THA","Number of surgical procedures (per 100,000 population)","SH.SGR.PROC.P5","","","","","","","","","","","","","","","","","","","","","","","","","","","","","","","","","","","","","","","","","","","","","","","","","","","","","","","","","","","","","","","","",
"Tajikistan","TJK","Number of surgical procedures (per 100,000 population)","SH.SGR.PROC.P5","","","","","","","","","","","","","","","","","","","","","","","","","","","","","","","","","","","","","","","","","","","","","","","","","","","","","","","","1691","","","1879","","","","","",
"Turkmenistan","TKM","Number of surgical procedures (per 100,000 population)","SH.SGR.PROC.P5","","","","","","","","","","","","","","","","","","","","","","","","","","","","","","","","","","","","","","","","","","","","","","","","","","","","","","","","2698","","","","","2613","","","",
"Latin America & the Caribbean (IDA & IBRD countries)","TLA","Number of surgical procedures (per 100,000 population)","SH.SGR.PROC.P5","","","","","","","","","","","","","","","","","","","","","","","","","","","","","","","","","","","","","","","","","","","","","","","","","","","","","","","","","9608.41400721316","","","","","","","",
"Timor-Leste","TLS","Number of surgical procedures (per 100,000 population)","SH.SGR.PROC.P5","","","","","","","","","","","","","","","","","","","","","","","","","","","","","","","","","","","","","","","","","","","","","","","","","","","","","","","","","433","","","","","","","",
"Middle East & North Africa (IDA & IBRD countries)","TMN","Number of surgical procedures (per 100,000 population)","SH.SGR.PROC.P5","","","","","","","","","","","","","","","","","","","","","","","","","","","","","","","","","","","","","","","","","","","","","","","","","","","","","","","","","","","","","","","","",
"Tonga","TON","Number of surgical procedures (per 100,000 population)","SH.SGR.PROC.P5","","","","","","","","","","","","","","","","","","","","","","","","","","","","","","","","","","","","","","","","","","","","","","","","","","","","","","","","","5061","","","","2864","","","",
"South Asia (IDA & IBRD)","TSA","Number of surgical procedures (per 100,000 population)","SH.SGR.PROC.P5","","","","","","","","","","","","","","","","","","","","","","","","","","","","","","","","","","","","","","","","","","","","","","","","","","","","","","","","","","","","","","","","",
"Sub-Saharan Africa (IDA & IBRD countries)","TSS","Number of surgical procedures (per 100,000 population)","SH.SGR.PROC.P5","","","","","","","","","","","","","","","","","","","","","","","","","","","","","","","","","","","","","","","","","","","","","","","","","","","","","","","","","","","","","","","","",
"Trinidad and Tobago","TTO","Number of surgical procedures (per 100,000 population)","SH.SGR.PROC.P5","","","","","","","","","","","","","","","","","","","","","","","","","","","","","","","","","","","","","","","","","","","","","","","","","","","","","","","","","","","","","","","","",
"Tunisia","TUN","Number of surgical procedures (per 100,000 population)","SH.SGR.PROC.P5","","","","","","","","","","","","","","","","","","","","","","","","","","","","","","","","","","","","","","","","","","","","","","","","","","","","","","","","","","","","","","","","",
"Turkiye","TUR","Number of surgical procedures (per 100,000 population)","SH.SGR.PROC.P5","","","","","","","","","","","","","","","","","","","","","","","","","","","","","","","","","","","","","","","","","","","","","","","","","","","11911","","","","","","","","","","","","","",
"Tuvalu","TUV","Number of surgical procedures (per 100,000 population)","SH.SGR.PROC.P5","","","","","","","","","","","","","","","","","","","","","","","","","","","","","","","","","","","","","","","","","","","","","","","","","","","","","","","","","3417","","","","","","","",
"Tanzania","TZA","Number of surgical procedures (per 100,000 population)","SH.SGR.PROC.P5","","","","","","","","","","","","","","","","","","","","","","","","","","","","","","","","","","","","","","","","","","","","","","","","","","","","","","","","","","","","","","","","",
"Uganda","UGA","Number of surgical procedures (per 100,000 population)","SH.SGR.PROC.P5","","","","","","","","","","","","","","","","","","","","","","","","","","","","","","","","","","","","","","","","","","","","","","","","","","","","241","","","","","145","","","","","","","",
"Ukraine","UKR","Number of surgical procedures (per 100,000 population)","SH.SGR.PROC.P5","","","","","","","","","","","","","","","","","","","","","","","","","","","","","","","","","","","","","","","","","","","","","","","","","","","","5337","","","","","","","","5135","","","","",
"Upper middle income","UMC","Number of surgical procedures (per 100,000 population)","SH.SGR.PROC.P5","","","","","","","","","","","","","","","","","","","","","","","","","","","","","","","","","","","","","","","","","","","","","","","","","","","","","","","","","4611.60543153154","","","","","","","",
"Uruguay","URY","Number of surgical procedures (per 100,000 population)","SH.SGR.PROC.P5","","","","","","","","","","","","","","","","","","","","","","","","","","","","","","","","","","","","","","","","","","","","","","","","","","","","","","","","","","","","","","","","",
"United States","USA","Number of surgical procedures (per 100,000 population)","SH.SGR.PROC.P5","","","","","","","","","","","","","","","","","","","","","","","","","","","","","","","","","","","","","","","","","","","","","","","","12087","","","","","","","","","","","","","","","","",
"Uzbekistan","UZB","Number of surgical procedures (per 100,000 population)","SH.SGR.PROC.P5","","","","","","","","","","","","","","","","","","","","","","","","","","","","","","","","","","","","","","","","","","","","","","","","","","","","","","","","2584","","","","2620","","","","",
"St. Vincent and the Grenadines","VCT","Number of surgical procedures (per 100,000 population)","SH.SGR.PROC.P5","","","","","","","","","","","","","","","","","","","","","","","","","","","","","","","","","","","","","","","","","","","","","","","","","","","","","","","","2509","","","","","","","","",
"Venezuela, RB","VEN","Number of surgical procedures (per 100,000 population)","SH.SGR.PROC.P5","","","","","","","","","","","","","","","","","","","","","","","","","","","","","","","","","","","","","","","","","","","","","","","","","","","","","","","","","","","","","","","","",
"British Virgin Islands","VGB","Number of surgical procedures (per 100,000 population)","SH.SGR.PROC.P5","","","","","","","","","","","","","","","","","","","","","","","","","","","","","","","","","","","","","","","","","","","","","","","","","","","","","","","","","","","","","","","","",
"Virgin Islands (U.S.)","VIR","Number of surgical procedures (per 100,000 population)","SH.SGR.PROC.P5","","","","","","","","","","","","","","","","","","","","","","","","","","","","","","","","","","","","","","","","","","","","","","","","","","","","","","","","","","","","","","","","",
"Viet Nam","VNM","Number of surgical procedures (per 100,000 population)","SH.SGR.PROC.P5","","","","","","","","","","","","","","","","","","","","","","","","","","","","","","","","","","","","","","","","","","","","","","","","","","","","","","","","","","","","","","","","",
"Vanuatu","VUT","Number of surgical procedures (per 100,000 population)","SH.SGR.PROC.P5","","","","","","","","","","","","","","","","","","","","","","","","","","","","","","","","","","","","","","","","","","","","","","","","","","","","","","","","","1277","","","","860","","","",
"World","WLD","Number of surgical procedures (per 100,000 population)","SH.SGR.PROC.P5","","","","","","","","","","","","","","","","","","","","","","","","","","","","","","","","","","","","","","","","","","","","","","","","","","","","","","","","","","","","","","","","",
"Samoa","WSM","Number of surgical procedures (per 100,000 population)","SH.SGR.PROC.P5","","","","","","","","","","","","","","","","","","","","","","","","","","","","","","","","","","","","","","","","","","","","","","","","","","","","","","","","","1552","","","","","","","",
"Kosovo","XKX","Number of surgical procedures (per 100,000 population)","SH.SGR.PROC.P5","","","","","","","","","","","","","","","","","","","","","","","","","","","","","","","","","","","","","","","","","","","","","","","","","","","","","","","1558","","","","","","","1698.2","","",
"Yemen, Rep.","YEM","Number of surgical procedures (per 100,000 population)","SH.SGR.PROC.P5","","","","","","","","","","","","","","","","","","","","","","","","","","","","","","","","","","","","","","","","","","","","","","","","","","","","","","","157","","","","","","","","","",
"South Africa","ZAF","Number of surgical procedures (per 100,000 population)","SH.SGR.PROC.P5","","","","","","","","","","","","","","","","","","","","","","","","","","","","","","","","","","","","","","","","","","","","","","","","","","","","","","","","","","","","","","","","",
"Zambia","ZMB","Number of surgical procedures (per 100,000 population)","SH.SGR.PROC.P5","","","","","","","","","","","","","","","","","","","","","","","","","","","","","","","","","","","","","","","","","","","","","","","","","","","680","","","","","","","","","","","","","",
"Zimbabwe","ZWE","Number of surgical procedures (per 100,000 population)","SH.SGR.PROC.P5","","","","","","","","","","","","","","","","","","","","","","","","","","","","","","","","","","","","","","","","","","","","","","","","","","","","","","","","","","","","","","","","",
